所属动漫,creations,videos
2023-2024 bilibili国创动画作品发布会,20,9921523
一世之尊,20,228288
一千零一夜之拯救黄金城,20,2182437
七侯笔录,20,1240351
三只兔子 第二季,20,12465302
中华优秀传统文化系列动画片之中医药的故事,20,1647494
中华廉政故事 第1季,40,4695245
中国畅想曲,60,42647776
乌龙院之活宝传奇 第6季,20,3239784
乌龙院之活宝传奇 第8季,20,177693
你的人生是我来迟了,20,409971
全职高手荣耀小剧场,20,15933343
冒险小王子 第2季,20,3624090
冬日追逐,60,9097375
功夫萌娃 第1季,20,87807
卡卡虎大冒险 第四季,60,42478359
反派初始化 动态漫,20,1410168
反派师尊的我带着徒弟们天下无敌 动态漫,20,2544450
咕噜先生,20,19071036
哈小浪之星域大冒险,20,9525907
哑舍 动态漫 第一季,20,2321762
唤醒石头里存在的生命,60,48209838
喜羊羊与灰太狼,20,3367906
喜羊羊与灰太狼之跨时空救兵,20,5069585
喷喷象小百科之交通篇,20,8141016
四格勇者,60,5575576
回铭之烽火三月,20,1262965
大宝大牙科学探索,20,2313170
奇奇和努娜2,60,89502486
奶泡泡学成语 第三季,20,2033261
如果历史是一群喵 宋辽金夏篇,60,8733696
妖道至尊,60,2307409
威力成长记,20,4710179
宝宝乐学堂之智慧大挑战,20,4473239
宝宝乐学堂之欢乐大拼盘,20,12819485
宝莲灯,20,14435882
小刺猬吉吉 第5季,20,11493063
小神有戏2,20,12804289
小绿和小蓝 第三季,40,4569995
小绿和小蓝 第二季,60,8087223
小草帽,20,130828
小豆的微观世界,20,14183018
小鹿蓝蓝,60,12900852
少年英雄小哪吒,60,18611491
屈原,60,32260991
巧虎奇幻舞台历险记,60,16939191
巴塔木晚安故事 第二季,20,38419602
年,20,4680624
开心超人之时空营救,20,1071252
异空战歌,60,35448960
心奇爆龙战车之暴龙出击 第三季,60,8719132
怪兽小馆,60,12909749
我在修仙世界朝九晚五,20,775861
我玩游戏成了绝世强者,60,3495640
托宝战士之我教你画,20,5091623
托宝战士之银河大激斗,20,1801197
拇指总动员,60,98820199
拇指总动员2：雨林奇遇,60,47598205
拇指总动员4：雪山寻鹿,60,22844072
拇指总动员5：风暴之眼,60,38006821
拇指总动员6：明珠黑影,60,26042560
斗破苍穹 动态漫 第四季,60,9997126
新大头儿子和小头爸爸 欢乐亲子营,60,22043988
无脑魔女,60,10480770
日出原理,60,11598233
时光代理人 第二季,60,15770020
明日恐惧症,60,48479822
明日方舟：冬隐归路 中配版,20,650609
星期五晚上的胡萝卜,60,11832682
是王者啊？长安篇,20,15822466
晚高峰,60,5460105
机米和露露,40,6871130
杰米熊之神话图卷,20,50477
核晶少年 第1季,20,508811
梦想总动员,20,131610
棉花糖和云朵妈妈 快乐生活2,60,140195
棒波免的海洋之旅,20,20438272
正经少主的幸福生活,20,1554746
每天朝山顶推一秒的石头,60,29507589
毛毛镇之海洋大发现,60,60172695
洞天,60,16209031
猪多多之彩虹画堂 第2季,20,4671670
猪猪侠之深海小英雄1,20,12154296
玉米的歌声,60,102599285
疯狂小糖 第五季,20,20738857
百妖谱·司府篇,20,7369270
盒中之海,20,5005814
盟卡车神之龙兽觉醒,20,427744
神兽小岛 第1季,60,8124399
神奇小队之我爱画画 第3季,20,33742539
童心向阳,20,690136
第一序列,60,6805543
给我来个小狐狸,20,1224327
胶囊计划 第二季,20,8797961
节气小精灵,60,16834311
蔬菜不寂寞 第三十二季,20,65686
蔬菜不寂寞 第四十季,20,20853936
诸葛亮之定军山,40,7313413
豫游记之信阳篇,20,9876870
财宝小狐狸,20,23856398
超变战陀5百变战陀,20,2838878
镇魂街 第三季,60,9375805
雪王驾到,40,63226545
霸王龙雷奇,60,15518001
魔法学院 第六季,40,1439681
