﻿movie,score_x,votes_douban,comment_count,review_count
玉米的歌声,,0人评价,2.0,0.0
星期五晚上的胡萝卜,,0人评价,32.0,0.0
晚高峰,,0人评价,25.0,0.0
日出原理,,0人评价,50.0,0.0
明日恐惧症,,0人评价,24.0,0.0
每天朝山顶推一秒的石头,,0人评价,77.0,0.0
唤醒石头里存在的生命,,0人评价,5.0,0.0
水月洞天,8.6,56659,,
心奇爆龙战车之驯龙斗士,,0人评价,,
屈原,7.8,508,100.0,5.0
卡卡虎大冒险,,0人评价,,
丹道至尊,,0人评价,,
斗破苍穹 年番4,,0人评价,,
毛毛镇,,0人评价,51.0,1.0
无脑魔女,,0人评价,49.0,0.0
新大头儿子和小头爸爸：欢乐亲子营,,0人评价,,
中国畅想曲,,0人评价,,
棉花糖和云朵妈妈 快乐生活,,0人评价,15.0,0.0
奇奇和努娜 第一季,,0人评价,,
小绿和小蓝,7.8,5179,100.0,14.0
怪兽小馆,,0人评价,100.0,1.0
时光代理人,8,18981,100.0,20.0
四格勇者,,0人评价,33.0,0.0
第一序列,7.7,5300,100.0,5.0
镇魂街 第一季,8.7,60686,,
拇指总动员1,,0人评价,,
节气小精灵,,0人评价,1.0,0.0
异空战歌,,0人评价,43.0,1.0
巧虎奇幻舞台历险记,,0人评价,97.0,1.0
少年英雄小哪吒,,0人评价,29.0,0.0
霸王龙雷奇 第一季 霸王龙雷奇,,0人评价,,
露露和吉米 Lulu und Jimi,,0人评价,,
雪王驾到,7.9,1734,100.0,2.0
善恶魔法学院 The School for Good and Evil,5.7,11200,,
如果历史是一群喵,8.2,6664,,
诸葛亮,8.6,884,,
致所有我曾爱过的男孩3 To All The Boys: Always And Forever,6.9,8035,,
凹凸学园 第三季,,0人评价,,
给我来个小狐狸,,0人评价,32.0,0.0
傲世九重天,,0人评价,100.0,1.0
明日方舟：冬隐归路 アークナイツ【冬隠帰路/PERISH IN FROST】,,0人评价,,
三十六骑 第一季,8.3,4724,,
小品一家人,,0人评价,100.0,6.0
超变战陀,,0人评价,17.0,0.0
正经少主的幸福生活,,0人评价,59.0,2.0
少年歌行,8.3,170382,100.0,20.0
钢铁飞龙,8.6,1771,100.0,1.0
七侯笔录,,0人评价,100.0,0.0
炫卡斗士2,,0人评价,,
你的人生是我来迟了,,0人评价,51.0,0.0
哑舍,,0人评价,100.0,7.0
十方武圣,,0人评价,100.0,3.0
巴黎淘气帮 Le petit Nicolas,8.6,136947,,
不死不灭之少年出山,,0人评价,,
变形联盟,,0人评价,4.0,0.0
小刻de画图写话,,0人评价,,
猪猪侠·一只老猪的逆袭,,0人评价,,
燃夏,,0人评价,41.0,0.0
胶囊计划,8.3,13132,100.0,20.0
魔幻车神God 터닝메카드갓,,0人评价,,
槑好时光·城南忆事,,0人评价,,
桃花扇,8,2024,100.0,18.0
风雪山神庙,7.8,2614,100.0,3.0
年,6.9,260,63.0,0.0
路,,0人评价,18.0,1.0
仙王的日常生活,5.4,15311,100.0,20.0
火星西路7号,,0人评价,,
命运拳台,,0人评价,100.0,13.0
英雄再临,,0人评价,,
贝肯熊：火星任务,6.7,4798,100.0,20.0
枕刀歌 第一季,8.1,20151,,
乖桃与闹瓜,,0人评价,1.0,0.0
妙趣横生故事汇,,0人评价,,
我们有鬼啦 We Have a Ghost,5.8,2727,,
春芽宝贝,,0人评价,1.0,0.0
故事中国,,0人评价,,
中国民间故事 中國民間故事,,0人评价,,
小毕的故事 小畢的故事,8.3,10324,,
彩虹森林里的故事 第四季,,0人评价,,
辣妈正传,6.8,30408,,
船长历险记 Priklyucheniya kapitana Vrungelya,,0人评价,,
托宝战士之银河侦探 第五季,,0人评价,,
百变雄师 第一季 Challenge of the GoBots Season 1,7.6,3044,,
蔬菜不寂寞第一季,,0人评价,,
恐龙世界,,0人评价,,
参娃与天池怪兽,,0人评价,1.0,0.0
中华上下五千年,8.2,1172,100.0,0.0
米奇妙妙大冒险 第一季 Mickey Mouse: Mixed-Up Adventures Season 1,,0人评价,,
神奇女侠 Wonder Woman,7.1,483774,,
美丽人生 La vita è bella,9.5,1449386,,
辣妈正传,6.8,30408,,
奶泡泡学成语 第一季,,0人评价,,
"科学的故事：权力、证据与激情 The Story Of Science: Power, Proof And Passion",9,1508,,
乔治·迈克尔：不一样的故事 George Michael: A Different Story,,0人评价,,
乔治·迈克尔：不一样的故事 George Michael: A Different Story,,0人评价,,
小强与旺财,,0人评价,1.0,0.0
小卫士 The Smoggies,,0人评价,,
繁华似锦,4.9,3289,,
好伙伴 The Early Hatchling Gets the Worm,7.4,798,,
漫游记,8,8503,,
西游记,9.7,391967,,
小布与伟仔 第一季 Brandy & Mr. Whiskers Season 1,9.1,518,,
三只兔子,,0人评价,9.0,0.0
阿优学科学,,0人评价,7.0,0.0
穿越云南三千年——云小志漫游记,,0人评价,,
小丘月圆 Lantern Hill,8.4,414,,
绿野仙踪 The Wizard of Oz,8.2,58499,,
都市最强男保姆,,0人评价,,
史上最强弟子,4.3,1880,,
都市最强男保姆,,0人评价,,
阿拉德战记 スラップアップパーティー -アラド戦記-,7,1621,,
大宇宙时代,,0人评价,,
异人君莫邪,,0人评价,,
万古第一废材,,0人评价,,
亏成首富从游戏开始,7.3,2008,100.0,6.0
四季童年,,0人评价,100.0,11.0
旅途危机！圣芙蕾雅号特别事件,,0人评价,21.0,0.0
咸鱼哥,7.6,2339,100.0,6.0
一世之尊,,0人评价,100.0,3.0
百妖谱·洛阳篇,,0人评价,,
捕星司·源起,,0人评价,100.0,1.0
开心超人之逆世营救,,0人评价,,
牧神记,8.9,15213,100.0,20.0
守龙者,5.8,2241,100.0,16.0
神道帝尊,,0人评价,46.0,0.0
山山田田间,,0人评价,16.0,0.0
宗门里除了我都是卧底 第二部,,0人评价,,
白蛇：浮生,7,143412,100.0,20.0
大道朝天,8.2,3520,100.0,11.0
喜羊羊与灰太狼之异国破晓,6.5,2696,,
虎鹤妖师录,5.5,12420,100.0,20.0
盒中之海,6.1,1971,100.0,19.0
食草老龙被冠以恶龙之名,7,1116,100.0,2.0
伍六七之记忆碎片,7.8,20029,,
头脑特工队2 Inside Out 2,8.4,340070,,
虫小绿历史为什么之发明篇,,0人评价,,
六样情,,0人评价,,
哈小浪之星域大冒险,,0人评价,,
神奇马戏团之动物饼干 Magical Circus: Animal Crackers,5.7,5217,,
伞少女,6.2,20039,100.0,20.0
时光的画笔,,0人评价,2.0,0.0
成语中国 第一季,,0人评价,,
万花世界,,0人评价,,
炼气练了3000年,6.2,817,,
传闻中的陈芊芊,7.3,425095,,
笼中人,,0人评价,100.0,0.0
爆炫星陀,,0人评价,,
怪想售,,0人评价,55.0,0.0
绿毛怪格林奇 The Grinch,6.2,14480,,
赘婿,6.3,291973,100.0,20.0
神奇的朋友_咖宝蛋神,,0人评价,,
白色闪电,,0人评价,100.0,7.0
咖宝车神 第一季 헬로카봇,,0人评价,,
我的三体 第四季,8.1,6359,,
精灵梦叶罗丽11,,0人评价,,
民调局异闻录,6.8,5788,100.0,20.0
我叫MT 第一季,9,4331,,
小花仙,7.2,2319,100.0,14.0
无聊就完结,,0人评价,100.0,1.0
阿诺德和他可爱的木偶们,,0人评价,81.0,0.0
赛尔号,7.5,5557,100.0,2.0
彩虹宝宝,7.9,336,100.0,1.0
百工灵,,0人评价,12.0,0.0
一一,9.1,480287,,
摩加迪沙 모가디슈,8.1,116082,,
心源,,0人评价,3.0,0.0
小诗人 The Little Poet,8.7,273,,
新龙门客栈 新龍門客棧,8.7,497710,,
8号出口 8番出口,6.7,5446,,
猪猪侠大电影·星际行动,5.4,1038,100.0,4.0
从姑获鸟开始之龙城风云,,0人评价,,
今天的晚餐就是你,,0人评价,36.0,0.0
幻宠师,,0人评价,100.0,2.0
风速少年团,,0人评价,1.0,0.0
邂逅她的少女时代,,0人评价,47.0,2.0
小药童也想修仙,,0人评价,12.0,0.0
回铭之烽火三月,7.2,1158,,
鲲吞天下之掌门归来,,0人评价,,
宝莲灯,7.9,95267,100.0,20.0
没头脑和不高兴,8.8,78579,100.0,17.0
猪猪吉利小财神,,0人评价,,
百变宝贝,8.7,584,,
中华美德,,0人评价,,
超级球迷,,0人评价,,
魔鬼芯片,8.6,329,,
土红色的骆驼,,0人评价,,
西游漫记,8,178,46.0,1.0
白玉堂,,0人评价,17.0,0.0
财宝小狐狸,,0人评价,1.0,0.0
飞龙天降,,0人评价,2.0,0.0
钟点父子,,0人评价,4.0,0.0
三十六计奇遇记,,0人评价,9.0,0.0
小草帽,,0人评价,1.0,0.0
小和尚,9,3628,100.0,3.0
红孩儿传奇,,0人评价,19.0,1.0
怪城,,0人评价,15.0,0.0
咕噜先生,,0人评价,13.0,0.0
中华民族风情录,,0人评价,,
风尘小游侠,,0人评价,7.0,0.0
聪明的笨小猪,,0人评价,15.0,0.0
隐身探长,,0人评价,24.0,0.0
大森林里的小故事,,0人评价,10.0,0.0
真爱至上：红鼻子日特别集 Red Nose Day Actually,8.6,28936,,
地上城与勇士,,0人评价,6.0,0.0
银河封神纪,,0人评价,5.0,0.0
反派初始化,,0人评价,100.0,5.0
超变兽车侠,,0人评价,1.0,0.0
虚无边境,,0人评价,50.0,3.0
神之一脚,,0人评价,25.0,0.0
没牙的老虎,7.9,3259,100.0,1.0
皮皮的故事,8.1,509,91.0,1.0
小鸡彩虹,9.1,505,100.0,4.0
林海雪原,6.2,5955,100.0,20.0
仙女奇缘 Dazzle,,0人评价,,
追梦少年殷昱国 The Joys and Sorrows of Young Yuguo,7.9,1831,,
少年苏东坡传奇,,0人评价,4.0,0.0
梦想总动员,,0人评价,11.0,0.0
探险中的小百科,,0人评价,,
乌鸦为什么是黑的,7.8,3629,100.0,3.0
东郭先生,8,21627,100.0,8.0
小蛋壳,8.6,9639,100.0,19.0
女娲补天,8.1,8747,100.0,4.0
假如我是武松,8.2,11017,100.0,5.0
狼来了,7.9,9883,100.0,7.0
鹿铃,8.9,5190,100.0,2.0
小熊猫学木匠,7.9,5092,100.0,2.0
曹冲称象,7.8,25712,100.0,5.0
善良的夏吾冬,8.4,4267,100.0,4.0
抬驴,8,5603,100.0,3.0
猴子捞月,8.2,39997,100.0,9.0
崂山道士,8.7,21003,100.0,18.0
真假李逵,7.9,6576,100.0,0.0
南郭先生,8.2,35678,100.0,9.0
人参果,8.3,14756,100.0,9.0
三个和尚,8.9,117835,100.0,20.0
张飞审瓜,8,3969,100.0,3.0
雪孩子,9,84288,100.0,19.0
老狼请客,8.2,19789,100.0,8.0
好猫咪咪,8.3,3108,100.0,0.0
愚人买鞋,7.9,8445,100.0,3.0
熊猫百货商店,8.3,8732,100.0,2.0
画廊一夜,8.4,1278,100.0,0.0
大英雄狄青,9,13035,100.0,19.0
猩猩探长,,0人评价,5.0,0.0
牛牛和西西,,0人评价,3.0,0.0
应该靠自己,,0人评价,2.0,1.0
快乐家家车,7.5,12830,100.0,6.0
怪老头儿,8.8,17801,100.0,19.0
大盗贼,9.3,36259,100.0,18.0
汉化日记 第一季,8.3,19228,,
大雨,6.2,27920,100.0,20.0
奶泡泡学成语 第一季,,0人评价,,
瑞奇宝宝 BabyRiki,9.3,647,,
缔灵爱之默水玲珑,,0人评价,,
苍兰诀,8.2,814002,100.0,20.0
新·异常生物见闻录：序,,0人评价,27.0,0.0
嫁人就嫁灰太狼 喜羊羊与灰太狼之嫁人就嫁灰太狼,,0人评价,,
明日方舟：焰烬曙明 アークナイツ【焔燼曙明/RISE FROM EMBER】,,0人评价,,
山海搜神,,0人评价,,
重生,5.6,82974,100.0,20.0
我真的不想失去你 再說一次我願意,,0人评价,,
战国魔神豪将军 戦国魔神ゴーショーグン,8,2019,,
穿到古代当首富,,0人评价,,
极道君漫游记 ゴクドーくん漫遊記,8.6,254,,
我真是大反派啊,,0人评价,,
系统逼我做歌神,,0人评价,,
都市古仙医,,0人评价,,
大话封神4之最强弃少,,0人评价,,
大象无形,,0人评价,8.0,0.0
龅牙的快乐生活,,0人评价,5.0,0.0
金蚕往事,,0人评价,100.0,3.0
君有云 第一季,7.6,4479,,
2014MBC演艺大赏,,0人评价,,
米乐米可之神奇海豚岛,,0人评价,,
跳跳鱼世界,,0人评价,,
新大头儿子和小头爸爸·智能小当家,,0人评价,,
福娃,6,3456,100.0,5.0
封灵记,,0人评价,,
灵笼 第二季,8.9,44555,,
我的好友遍布诸天,,0人评价,,
U探泰拉,,0人评价,63.0,0.0
大侠请上功,,0人评价,26.0,0.0
念无双,6.9,64754,100.0,20.0
凸变英雄X,6.5,2811,100.0,20.0
我的师兄太强了,,0人评价,53.0,1.0
虹猫蓝兔海底历险记,7.6,313,48.0,0.0
虹猫蓝兔七侠传,9.6,134397,100.0,20.0
海尔兄弟20周年纪念版,,0人评价,,
凹凸世界·新生 AOTU·Reborn,,0人评价,,
明智小五郎美女系列27：黑色面具的美女 黒い仮面の美女 江戸川乱歩の「凶器」,,0人评价,,
那年那兔那些事儿 第五季,7.8,7500,,
三国演义,9.6,177180,100.0,19.0
小鲤鱼历险记,8.6,53259,100.0,20.0
蛮荒仙界,,0人评价,29.0,1.0
美猴王 The Monkey King,5.5,8083,,
哪吒传奇,9.1,75653,100.0,20.0
火凤燎原,8.6,9758,100.0,17.0
天命大主宰,,0人评价,19.0,1.0
赛几传说,,0人评价,4.0,0.0
请吃红小豆吧！食物世界 第一季,,0人评价,,
不白吃话山海经 第二季,,0人评价,,
阿凡提的故事之宝驴,8.7,9276,,
知宝学堂之成语故事 第八季,,0人评价,,
是王者啊？第5季,,0人评价,,
小蜜蜂寻亲记 昆虫物語 みなしごハッチ,8.8,8280,,
乐比悠悠,7.8,909,100.0,1.0
汽车世界工程车益趣园,,0人评价,,
中华名人小课堂：墨子篇,,0人评价,,
波波罗王国 ポポロクロイス,,0人评价,,
中华诗歌故事唐宋篇,,0人评价,,
精算小魔女 세미와 매직큐브,,0人评价,,
棒波兔的沙漠之旅,,0人评价,,
数学荒岛历险记,8.8,890,,
嘀嗒传奇,,0人评价,,
纸朋友,,0人评价,1.0,0.0
冒险小王子 第二季,,0人评价,,
奇趣特工队,,0人评价,14.0,0.0
灵草小战士,,0人评价,18.0,4.0
龙宝小英雄,,0人评价,3.0,0.0
精灵宝可梦：美洛耶塔的闪亮音乐会 メロエッタのキラキラリサイタル,7.8,409,,
魔方战士,,0人评价,1.0,0.0
新大头儿子小头爸爸之传奇兜兜,,0人评价,,
23号牛乃唐,,0人评价,,
青田小田鱼,,0人评价,,
我是发明家,,0人评价,1.0,0.0
大运河奇缘,,0人评价,1.0,0.0
魔法可可,,0人评价,1.0,0.0
转战大西北,,0人评价,,
山海宝贝,,0人评价,23.0,5.0
星原小宝,,0人评价,10.0,0.0
绿树林的故事,,0人评价,,
超元绝战,,0人评价,7.0,0.0
小七之萌娃闹海,,0人评价,,
义薄情天 Broken Trail,7.2,626,,
齐鲁优秀传统文化之齐国成语故事系列动画,,0人评价,,
花儿向阳 童心向党——庆祝中国共产党成立100周年全国少儿晚会,暂无评分,0人评价,,
孔子归来,,0人评价,2.0,0.0
多宝一家人 第二季,,0人评价,,
橡树餐厅,,0人评价,20.0,0.0
星球大战7：原力觉醒 Star Wars: The Force Awakens,7.2,226763,,
恐龙时代 Age of Dinosaurs,2.8,84,,
伦敦市的野生乐园 The Unnatural History of London,,0人评价,,
光影天炎战甲,,0人评价,2.0,0.0
百变校巴 第七季,,0人评价,,
跳跳鱼世界,,0人评价,,
迷雾中的小刺猬 Ёжик в  тумане,8.7,8670,,
鹿宝贝朗迪,,0人评价,,
乌龙僵尸 バンパイヤン・キッズ,,0人评价,,
洪恩GOGO学英语 Gogo's Adventures with English,8.9,118,,
笑林小子2：新乌龙院 笑林小子2：新烏龍院,7.9,75266,,
百变校巴 第七季,,0人评价,,
核晶少年,,0人评价,21.0,0.0
疯狂小糖 第一季,2.7,1664,,
百变校巴英文儿歌,,0人评价,4.0,0.0
奇特工程车,,0人评价,,
漫赏秦腔 第2季,,0人评价,,
小時候：眼睛的故事,,0人评价,,
天外福星之赤剑传奇,,0人评价,,
飞越五千年,,0人评价,7.0,0.0
查莉成长日记 第一季 Good Luck Charlie Season 1,9.2,16396,,
奇奇妙妙 기기묘묘,,0人评价,,
杰米熊之甜心集结号,,0人评价,,
百变布鲁可,,0人评价,36.0,0.0
粉宝乐园 Fimbles,,0人评价,,
中华勤学故事,8.6,2585,,
熊猫一家人,,0人评价,,
医院里的故事,7.8,175,,
一千零一夜,5.3,131607,100.0,20.0
金牌小特工 第一季 Odd Squad Season 1,,0人评价,,
神奇的真菌世界 Le monde extraordinaire des champignons,,0人评价,,
人体的微观世界 The Body,8.9,109,,
制造的原理 第一季 How It's Made Season 1,9.2,1384,,
巴厘岛的日子 발리에서 생긴 일,8.2,15457,,
反诈小分队,,0人评价,,
桃色夫人 도색부인,,0人评价,,
快乐小郑星 第一季,,0人评价,,
雪王驾到,7.9,1734,100.0,2.0
胶囊计划 英雄,,0人评价,100.0,7.0
全职高手荣耀小剧场,,0人评价,14.0,0.0
恰同学少年,9.1,53702,100.0,18.0
暂停！智序重组,,0人评价,37.0,1.0
元气奇事,,0人评价,10.0,0.0
紫川,7.5,4230,100.0,16.0
开局地摊卖大力,,0人评价,9.0,0.0
在下“英台”,,0人评价,15.0,0.0
双生武魂,,0人评价,6.0,0.0
非人哉：限时玩家,4.5,4088,,
龙族 第二季,,0人评价,,
妖神记 第一季,6.6,2390,,
斗罗大陆剧场版 剑道尘心,8.3,5564,100.0,19.0
我为刀宗,,0人评价,22.0,0.0
赵琳的探险日记II,,0人评价,,
云深不知梦,,0人评价,100.0,4.0
葫芦七兄妹,,0人评价,,
凌天独尊,,0人评价,11.0,0.0
